First Name,Last Name,ID
Sophia,Johnson,1
Liam,Brown,2
Olivia,Williams,3
Noah,Jones,4
Emma,Davis,5
William,Miller,6
Ava,Wilson,7
James,Moore,8
Isabella,Taylor,9
Oliver,Anderson,10
Mia,Martinez,11
Elijah,Thomas,12
Charlotte,White,13
Benjamin,Jackson,14
Amelia,Harris,15
Lucas,Thompson,16
Harper,Lee,17
Alexander,Garcia,18
Evelyn,Clark,19
Michael,Rodriguez,20
Lian,Fichman,21
Lian,FI,22
C,S,222
C,S,1234
l,f,12
Lian,Fichman,222
lian,fichman,28
Liam,Brownie,25
new,user,28
new,user,12893
user,newnew,12334690
new,userir,1050
dfds,cszcs,34354
Lian,Fichman,2
lfjk,kfjl,333332
liam,brown,2
LiN,dij,323123
new,user,212323343
bla,blalbla,2334343
lIAN,FICHMAN,2232434344
Liam,Brown,3
Liam,Brown,21
Lian,Fichma,21
Lia,n,23232243
Lian,Ficham,21
