activity,review
Museum of the City of New York,"NYC history comes alive! Explore NYC's vibrant past, present, and future through engaging exhibits at the Museum of the City of New York."
Bryant Park,amazing park
The New Museum of Contemporary Art,Pushing boundaries! Cutting-edge contemporary art in a sleek space. A must for art enthusiasts seeking the avant-garde.
The Metropolitan Museum of Art,"Art lovers rejoice! The Met boasts a stunning collection, but be prepared for a slightly pricey gift shop."
The Paley Center for Media,A media lover's delight! Explore TV & radio history with interactive exhibits and screenings.
The Frick Collection, A serene experience. European masters displayed in a beautiful mansion.
Guggenheim Museum,"Art & Architecture Collide! A must-see for art lovers, with iconic modern masterpieces housed in a stunning spiral building."
American Museum of Natural History,"Fascinating exhibits showcasing the natural world, including dinosaurs, space exploration, and biodiversity."
The Museum of Modern Art (MoMA),"Renowned collection of modern and contemporary art, featuring works by Picasso, Van Gogh, Warhol, and many others.

Intrepid Sea, Air & Space Museum: A unique museum housed on an aircraft carrier, offering exhibits on maritime history, aviation, and space exploration."
"Intrepid Sea, Air & Space Museum","Experience the excitement of exploration at the Intrepid Sea, Air & Space Museum! From historic battleships to space shuttles, this museum offers a thrilling adventure through the wonders of sea, air, and space. Get ready to embark on an unforgettable journey of discovery"
Whitney Museum of American Art,"Dedicated to American contemporary art, with a focus on 20th and 21st-century works by artists such as Edward Hopper and Georgia O'Keeffe."
New-York Historical Society," Chronicles the history of New York City and the United States through exhibitions on art, culture, and politics."
Queens Museum,"Showcases art and cultural exhibits related to Queens, New York, including the famous Panorama of the City of New York."
Brooklyn Museum,"A treasure trove of creativity and culture awaits at the Brooklyn Museum. From ancient artifacts to contemporary masterpieces, this vibrant space celebrates diversity and provokes thought. Lose yourself in the rich tapestry of art and history that defines Brooklyn's soul."
The Cloisters (Met Cloisters),"Step into a medieval wonderland at The Cloisters. Nestled amidst lush gardens overlooking the Hudson River, this enchanting museum transports you to a bygone era of knights, monks, and majestic architecture. Wander through tranquil cloisters and marvel at exquisite treasures from centuries past"
The Rubin Museum of Art,"Embark on a journey of discovery and enlightenment at The Rubin Museum of Art. Immerse yourself in the mystical realms of Himalayan culture, where ancient wisdom meets modern insight. Prepare to be inspired, enlightened, and transformed."
New York Transit Museum,"All aboard for a trip through the heart of New York City's transportation history! The New York Transit Museum offers a fascinating glimpse into the city's underground world, from vintage subway cars to interactive exhibits. Get ready to embark on a thrilling ride through time and space"
El Museo del Barrio,"Bienvenidos a El Museo del Barrio! Dive into the vibrant tapestry of Latino culture and heritage at this dynamic museum. From colorful art to lively festivals, every corner pulsates with the rhythm of Latin America. Get ready to dance, laugh, and celebrate!"
The Skyscraper Museum,"Reach for the sky at The Skyscraper Museum, where dreams touch the clouds and imagination knows no bounds. Explore the towering achievements of human ingenuity and ambition, from towering icons to futuristic marvels. Prepare to be awestruck by the power and beauty of the urban jungle"
National Museum of the American Indian - New York,"Experience the spirit and resilience of Native American cultures at the National Museum of the American Indian. Through powerful exhibits and poignant storytelling, this museum honors the heritage and legacy of indigenous peoples. Prepare to be moved, inspired, and enlightened."
Museum of Arts and Design (MAD),"Enter a world where art defies boundaries and creativity knows no limits. The Museum of Arts and Design is a beacon of innovation, showcasing the cutting-edge work of today's most daring artists and designers. Prepare to be amazed, challenged, and inspired"
The Morgan Library & Museum,"Journey into the heart of literary and artistic greatness at The Morgan Library & Museum. With its stunning architecture and unparalleled collection of rare books and manuscripts, this cultural gem is a sanctuary for lovers of history, literature, and beauty. Prepare to be transported to a realm of timeless elegance and refinement."
Museum of Jewish Heritage,"""Discover the enduring legacy and resilience of Jewish heritage at the Museum of Jewish Heritage. From stories of survival to celebrations of culture and identity, this museum offers a poignant tribute to the richness and diversity of Jewish life. Prepare to be moved, enlightened, and inspired."
The Hispanic Society of America,"¡Bienvenidos a la Hispanic Society of America! Delve into the vibrant tapestry of Hispanic culture and history at this hidden gem uptown. From priceless artworks to centuries-old artifacts, every corner tells a story of passion, pride, and perseverance. Prepare to be enchanted, enlightened, and embraced."
New York City Fire Museum,"Step into the brave world of New York's bravest at the New York City Fire Museum. From historic engines to heroic tales, this museum pays tribute to the courage and sacrifice of firefighters past and present. Prepare to be moved, amazed, and inspired by the true heroes of the Big Apple"
National September 11 Memorial & Museum,"In the heart of downtown Manhattan lies a sacred space of remembrance and resilience. The National September 11 Memorial & Museum stands as a testament to the indomitable spirit of New York and the enduring legacy of those we lost. Prepare to be humbled, honored, and forever changed by this poignant tribute to our shared humanity."
Prospect Park,"Escape to nature's embrace at Prospect Park! With its lush greenery, serene lakes, and winding trails, this urban oasis beckons you to unwind, explore, and reconnect with the beauty of the outdoors. Get ready to immerse yourself in tranquility and discover hidden gems around every corner."
Central Park,"Step into the heart of New York City's iconic green space at Central Park! From tranquil meadows to bustling pathways, this sprawling oasis offers something for everyone. Whether you're picnicking by the lake, strolling through the Ramble, or marveling at the Bethesda Fountain, Central Park is sure to captivate your senses and soothe your soul."
Brooklyn Heights,"Discover the charm and character of Brooklyn Heights! With its tree-lined streets, historic brownstones, and breathtaking views of the Manhattan skyline, this picturesque neighborhood is a true gem of Brooklyn. Get ready to wander through cobblestone lanes, admire the architecture, and soak in the timeless beauty of Brooklyn Heights"
Flushing Meadows-Corona Park,"Experience the cultural melting pot of Flushing Meadows-Corona Park! From the iconic Unisphere to the Queens Museum, this vibrant park is a celebration of diversity and community. Whether you're exploring the botanical gardens, playing sports on the fields, or simply enjoying a leisurely stroll, Flushing Meadows-Corona Park offers endless opportunities for discovery and connection."
Washington Square Park,"Step into the beating heart of Greenwich Village at Washington Square Park! With its iconic arch, bustling fountain, and lively atmosphere, this historic park is a beloved gathering place for locals and visitors alike. Whether you're people-watching on the benches, listening to live music, or simply soaking in the vibrant energy, Washington Square Park is sure to leave you feeling inspired and alive."
The High Line,"Elevate your senses on a journey through The High Line! This unique park, built on a historic railway line, offers an elevated perspective of Manhattan's skyline, along with stunning views of art installations, gardens, and urban landscapes. Whether you're strolling along the pathways, lounging on the sundeck, or admiring the sunset over the Hudson River, The High Line promises an unforgettable experience above the bustling streets of New York City"
Riverside Park,"Escape the hustle and bustle of the city and unwind in the tranquil beauty of Riverside Park! Nestled along the Hudson River, this scenic oasis offers lush greenery, waterfront promenades, and stunning views of the river and beyond. Whether you're jogging along the paths, picnicking on the lawns, or simply enjoying a quiet moment by the water's edge, Riverside Park is the perfect retreat from urban life."
Hudson River Park,"Discover the magic of Manhattan's waterfront at Hudson River Park! Stretching along the Hudson River, this vibrant park offers a dynamic mix of recreational activities, cultural attractions, and scenic vistas. Whether you're biking along the esplanade, kayaking on the river, or catching a sunset over the skyline, Hudson River Park is a playground for adventure and relaxation."
Battery Park,"mmerse yourself in history and natural beauty at Battery Park! Located at the southern tip of Manhattan, this historic park offers sweeping views of the Statue of Liberty, Ellis Island, and New York Harbor. Whether you're exploring the gardens, visiting the monuments, or simply gazing out at the sea, Battery Park invites you to reflect, rejuvenate, and reconnect with the spirit of New York City"
Union Square Park,"Feel the pulse of the city at Union Square Park! This vibrant hub of activity is a gathering place for artists, activists, and New Yorkers from all walks of life. Whether you're browsing the farmers' market, attending a cultural event, or simply people-watching from the steps, Union Square Park is alive with energy and excitement."
Governors Island Park,"Escape to a world of adventure and discovery at Governors Island Park! Just a short ferry ride from Manhattan, this idyllic island offers panoramic views of the city skyline, along with historic forts, lush gardens, and outdoor art installations. Whether you're biking along the waterfront, picnicking in the shade, or exploring the hidden corners of the island, Governors Island Park promises a day of unforgettable exploration and relaxation"
Astoria Park,"Experience the vibrant spirit of Queens at Astoria Park! With its sweeping views of the East River, iconic Hell Gate Bridge, and diverse recreational amenities, this beloved park is a playground for all ages. Whether you're swimming in the pool, playing tennis on the courts, or simply lounging in the grass, Astoria Park offers endless opportunities for fun and relaxation"
Pelham Bay Park,"Discover the natural beauty and outdoor adventures of Pelham Bay Park! As the largest park in New York City, this sprawling oasis offers miles of hiking trails, scenic waterfronts, and lush forests to explore. Whether you're birdwatching in the salt marshes, kayaking on the bay, or simply enjoying a picnic with family and friends, Pelham Bay Park is a nature lover's paradise."
Coney Island Beach & Boardwalk,Dive into the excitement of Coney Island Beach & Boardwalk! From thrilling rides and games to sandy shores and ocean
Randalls Island Park,"Escape to the serene oasis of Randalls Island Park! With its lush greenery, waterfront views, and scenic pathways, this hidden gem offers a peaceful retreat from the hustle and bustle of the city. Get ready to immerse yourself in nature's embrace and discover moments of tranquility and wonder"
Van Cortlandt Park,"Explore the natural beauty and historic charm of Van Cortlandt Park! From wooded trails to open fields, this expansive park offers a sanctuary for outdoor enthusiasts and urban explorers alike. Get ready to breathe in the fresh air, soak in the sights, and create memories that will last a lifetime."
Inwood Hill Park,"Embark on an adventure in the wilds of Inwood Hill Park! With its rugged terrain, ancient forests, and sweeping views of the Hudson River, this untamed wilderness offers a glimpse into the city's natural heritage. Get ready to hike, explore, and connect with the beauty of the great outdoors."
Staten Island Greenbelt,"Discover the hidden treasures of Staten Island Greenbelt! From wooded trails to tranquil ponds, this sprawling nature reserve offers a haven for wildlife and a retreat for nature lovers. Get ready to wander off the beaten path, encounter breathtaking vistas, and forge a deeper connection with the natural world."
Jacob Riis Park,"Feel the sun on your skin and the sand between your toes at Jacob Riis Park! With its pristine beaches, rolling dunes, and sweeping ocean views, this coastal paradise is a haven for beachgoers and sun seekers. Get ready to relax, unwind, and let the rhythm of the waves wash away your cares."
Hudson River Greenway,"Embrace the beauty of the Hudson River Greenway! Whether you're biking along the waterfront, jogging through leafy parks, or simply strolling hand in hand with a loved one, this scenic pathway offers a front-row seat to some of New York City's most iconic sights. Get ready to breathe in the fresh air, feel the gentle breeze on your face, and savor every moment along the way."
Fort Tryon Park,"Step into a world of enchantment at Fort Tryon Park! With its sweeping views of the Hudson River, lush gardens, and majestic medieval architecture, this picturesque park is a true gem of Upper Manhattan. Get ready to lose yourself in the beauty of the Cloisters, explore hidden pathways, and discover moments of serenity and wonder around every corner"
Highbridge Park,"Rise above the ordinary at Highbridge Park! Perched atop the cliffs overlooking the Harlem River, this urban oasis offers breathtaking views, rugged terrain, and endless opportunities for adventure. Get ready to hike along scenic trails, marvel at historic landmarks, and feel the pulse of the city from a new perspective."
Queensbridge Park,"Experience the rhythm of Queensbridge Park! From vibrant community events to peaceful waterfront views, this dynamic park offers something for everyone. Get ready to picnic in the shade, play on the courts, and soak in the rich tapestry of culture and diversity that defines Queens"
Wave Hill,"Savor moments of tranquility and inspiration at Wave Hill! Nestled amidst lush gardens and commanding views of the Hudson River, this serene estate offers a retreat for the soul and a canvas for creativity. Get ready to wander through meandering paths, discover hidden nooks, and find solace in the beauty of nature's bounty."
Floral Park,"Breathe in the intoxicating scents and vibrant colors of Floral Park! With its blooming flower beds, manicured lawns, and tranquil ponds, this botanical wonderland is a feast for the senses. Get ready to stroll through fragrant gardens, bask in the beauty of seasonal blooms, and escape into a world of natural splendor"
Forest Park,"Lose yourself in the wild beauty of Forest Park! With its dense woodlands, winding trails, and tranquil streams, this expansive oasis offers a haven for hikers, birdwatchers, and nature lovers. Get ready to explore hidden gems, encounter diverse wildlife, and reconnect with the rhythms of the earth."
Battery Park City,"Immerse yourself in the vibrant waterfront community of Battery Park City! From the soothing lull of the Hudson River to the bustling energy of nearby neighborhoods, this urban oasis offers a perfect blend of tranquility and excitement. Get ready to discover hidden gems, dine with waterfront views, and experience the heartbeat of Lower Manhattan. "
East River State Park,"Escape to the eclectic energy of East River State Park! With its breathtaking views of the Manhattan skyline and vibrant cultural scene, this waterfront haven invites you to explore, relax, and connect with the rhythm of Brooklyn's vibrant waterfront. Get ready to shop at local markets, dine at trendy eateries, and soak in the creative vibes along the East River."
Carl Schurz Park,"Indulge in the tranquil beauty of Carl Schurz Park! Nestled on the Upper East Side, this charming green space offers a peaceful retreat from the hustle and bustle of city life. From the fragrant blooms of the gardens to the serene views of the East River, every corner whispers of serenity and grace. Get ready to escape the chaos, recharge your spirit, and find solace in the simple pleasures of nature. "
Franklin D. Roosevelt Four Freedoms Park,"Pay homage to the legacy of freedom at Franklin D. Roosevelt Four Freedoms Park! With its sweeping views of the East River and iconic Manhattan skyline, this timeless tribute invites reflection, inspiration, and renewal. Get ready to walk in the footsteps of history, ponder the meaning of liberty, and celebrate the enduring ideals that define our nation. "
Brooklyn Bridge Park,"?? Embark on a journey of discovery at Brooklyn Bridge Park! From the majestic span of the iconic bridge to the lush greenery of Pier 1, this waterfront playground offers endless opportunities for adventure and relaxation. Get ready to bike along scenic paths, picnic with panoramic views, and marvel at the beauty of Brooklyn's beloved waterfront. "
Corlears Hook Park,"Escape to the tranquil shores of Corlears Hook Park! Tucked away along the East River, this hidden gem offers sweeping views of the water, lush greenery, and a sense of serenity that soothes the soul. Get ready to unwind on waterfront benches, watch boats sail by, and immerse yourself in the timeless beauty of New York's waterfront. "
Madison Square Park,"Discover the heartbeat of Manhattan at Madison Square Park! With its iconic Flatiron views, lush lawns, and vibrant cultural scene, this urban oasis offers a welcome respite from the city's hustle and bustle. Get ready to picnic beneath shady trees, admire public art installations, and soak in the dynamic energy of one of New York's most beloved green spaces. "
Thomas Jefferson Park,"Connect with nature's beauty at Thomas Jefferson Park! Nestled in the heart of East Harlem, this sprawling green space offers something for everyone, from sports fields to playgrounds to serene walking paths. Get ready to unwind, play, and explore amidst the tranquil beauty of this neighborhood gem."
HUDSON RIVER PARK,"Dive into adventure at Hudson River Park! With stunning waterfront views, bustling piers, and endless recreational activities, this urban playground promises excitement at every turn. Get ready to bike along scenic paths, kayak on the river, and soak in the vibrant energy of Manhattan's beloved waterfront. "
COLUMBUS PARK,"Experience the pulse of Chinatown at Columbus Park! From lively Tai Chi sessions to bustling markets and cultural events, this vibrant oasis offers a taste of authentic New York City life. Get ready to immerse yourself in the sights, sounds, and flavors of one of Manhattan's most dynamic neighborhoods."
QUEENS ZOO,"Roar with excitement at Queens Zoo! Home to a diverse array of wildlife from around the globe, this charming zoo invites visitors of all ages to embark on a wild adventure. Get ready to meet lions, tigers, and bears, oh my! "
THE NEW YORK AQUARIUM,"Dive into an underwater wonderland at The New York Aquarium! From playful penguins to majestic sharks, this iconic attraction promises an immersive journey into the depths of the ocean. Get ready to marvel at colorful coral reefs, make friends with marine creatures, and experience the magic of the sea."
BRONX ZOO,"Embark on a safari adventure at Bronx Zoo! With over 6,000 animals representing species from around the globe, this sprawling wildlife sanctuary offers endless opportunities for discovery and awe. Get ready to encounter elephants, giraffes, and gorillas in their natural habitats. "
CENTRAL PARK ZOO,"Step into the heart of the concrete jungle at Central Park Zoo! From adorable pandas to mischievous monkeys, this beloved attraction offers a wild experience right in the heart of Manhattan. Get ready to meet furry friends, learn about conservation, and create memories that will last a lifetime. "
STATEN ISLAND ZOO,"Explore the wonders of the animal kingdom at Staten Island Zoo! With its intimate setting and diverse collection of creatures, this hidden gem offers a unique opportunity to get up close and personal with wildlife. Get ready to slither with snakes, hop with frogs, and soar with birds. "
BRONX AQUARIUM,"Dive into adventure at Bronx Aquarium! Home to a dazzling array of marine life from colorful fish to graceful rays, this aquatic wonderland promises an immersive journey into the world beneath the waves. Get ready to explore coral reefs, touch stingrays, and marvel at the beauty of the ocean. "
QUEENS AQUARIUM,"Journey into the depths of the ocean at Queens Aquarium! With its interactive exhibits, educational programs, and mesmerizing marine life, this aquatic attraction offers an unforgettable experience for visitors of all ages. Get ready to embark on a voyage of discovery and wonder. "
BROOKLYN AQUARIUM,"Dive into a world of wonder at Brooklyn Aquarium! From graceful dolphins to playful sea otters, this beloved attraction invites you to explore the wonders of the sea. Get ready to marvel at underwater ecosystems, learn about conservation, and create memories that will last a lifetime."
MANHATTAN AQUARIUM,"Embark on an aquatic adventure at Manhattan Aquarium! With its diverse collection of marine life, interactive exhibits, and immersive experiences, this underwater wonderland offers something for everyone. Get ready to come face to face with sharks, jellyfish, and other fascinating creatures of the deep. "
STATEN ISLAND AQUARIUM,"Discover the beauty of the ocean at Staten Island Aquarium! With its captivating exhibits, educational programs, and hands-on activities, this family-friendly attraction offers an exciting glimpse into marine life. Get ready to explore coral reefs, touch sea stars, and embark on a journey of discovery"
GREATEST CITY AQUARIUM SOCIETY,"Join the adventure at Greatest City Aquarium Society! As a community of fish enthusiasts, this organization offers a wealth of knowledge, camaraderie, and shared passion for all things aquatic. Get ready to dive deep into the world of fishkeeping, exchange tips and tricks, and make lifelong friends."
SANDS POINT PRESERVE,"Escape to natural splendor at Sands Point Preserve! With its lush gardens, historic mansions, and scenic trails, this tranquil retreat offers a welcome respite from the hustle and bustle of city life. Get ready to stroll through sun-dappled forests, explore hidden glens, and discover moments of serenity and wonder. "
BILL'S NEW YORK CITY,"Indulge in classic American fare at Bill's New York City! From juicy burgers to hearty steaks, this iconic eatery promises comfort food at its finest. Get ready to savor every bite and create memories that will last a lifetime."
TGA NYC,"Experience the epitome of chic dining at TGA NYC! With its stylish ambiance, creative cocktails, and gourmet cuisine, this trendy hotspot offers a night to remember. Get ready to raise a glass, toast to good times, and immerse yourself in the vibrant energy of the city."
DUNKIN,"Start your day with a taste of perfection at Dunkin! From freshly brewed coffee to delectable donuts, this beloved chain never disappoints. Get ready to fuel up, recharge your batteries, and conquer the day ahead."
EL ENCANTO CENTRO-AMERICANO RESTAURANT,"Embark on a culinary journey to Central America at El Encanto! With its authentic flavors, vibrant atmosphere, and warm hospitality, this hidden gem transports diners to a world of delicious delights. Get ready to savor the tastes of El Salvador, Honduras, and beyond"
TAQUERIA EL PUENTE,"Satisfy your cravings for Mexican cuisine at Taqueria El Puente! From mouthwatering tacos to zesty salsas, this neighborhood favorite serves up a fiesta for your taste buds. Get ready to spice up your life and experience the flavors of Mexico in every bite"
BUBBA'S BISTRO,"Discover Southern hospitality at its finest at Bubba's Bistro! With its down-home cooking, friendly service, and laid-back vibe, this cozy eatery feels like a home away from home. Get ready to dig into hearty comfort food and leave with a smile on your face. "
EL COYOTE,"Prepare for a flavor explosion at El Coyote! With its bold spices, savory meats, and authentic Mexican dishes, this lively cantina brings the heat to every meal. Get ready to tango with tacos, salsa with salsa, and experience a taste of Mexico right in the heart of the city"
ANIL'S ROTI SHOP,"Take your taste buds on a trip to the Caribbean at Anil's Roti Shop! With its fragrant spices, flaky roti, and mouthwatering curries, this family-owned eatery serves up a slice of paradise with every bite. Get ready to indulge in island flavors and experience the warmth of Trinidadian hospitality"
HOLLAND BAY RESTAURANT,"Savor the flavors of the sea at Holland Bay Restaurant! With its fresh seafood, creative dishes, and waterfront views, this hidden gem is a seafood lover's paradise. Get ready to feast on lobster, shrimp, and other ocean delights while soaking in the maritime ambiance. "
HE JI NOODLE HOUSE,"Slurp your way to satisfaction at He Ji Noodle House! With its handmade noodles, flavorful broths, and authentic Chinese flavors, this cozy noodle joint is a favorite among foodies. Get ready to experience the ultimate comfort food and warm your soul with every spoonful"
TOM'S RESTAURANT,"Start your day with a taste of nostalgia at Tom's Restaurant! With its classic diner fare, friendly service, and cozy atmosphere, this iconic spot feels like a step back in time. Get ready to enjoy fluffy pancakes, crispy bacon, and bottomless cups of coffee"
LUKE'S LOBSTER,"Dive into seafood bliss at Luke's Lobster! With its buttery rolls, succulent lobster, and crave-worthy chowders, this East Coast institution is a must-visit for seafood lovers. Get ready to roll up your sleeves, crack some claws, and savor the taste of the ocean"
KRUSH,"Nourish your body and soul at Krush! With its fresh salads, wholesome bowls, and nutrient-packed smoothies, this health-conscious eatery makes healthy eating a breeze. Get ready to fuel your day with vibrant flavors and feel-good ingredients"
FRAME GOURMET EATERY,"Elevate your dining experience at Frame Gourmet Eatery! With its innovative dishes, artistic presentations, and seasonal ingredients, this culinary gem is a feast for the senses. Get ready to embark on a culinary adventure and discover new flavors with every bite"
DANTE,"Transport yourself to Italy at Dante! With its authentic Italian cuisine, award-winning cocktails, and charming ambiance, this Greenwich Village trattoria captures the essence of la dolce vita. Get ready to indulge in pasta perfection, sip on Aperol spritzes, and experience the magic of Italian hospitality"
DIG INN,"Dig into deliciousness at Dig Inn! With its farm-fresh ingredients, customizable bowls, and wholesome flavors, this fast-casual spot is a haven for health-conscious foodies. Get ready to build your own bowl, load up on veggies, and nourish your body from the inside out"
MILANO'S BAR,"Satisfy your cravings for Italian comfort food at Milano's Bar! From crispy pizzas to hearty pasta dishes, this cozy trattoria serves up classic Italian fare with a side of old-school charm. Get ready to mangia, savor, and enjoy a taste of Italy in the heart of the city"
HOME MADE BAKLAWA,"Indulge in a sweet symphony of flavors at Home Made Baklawa! With its delicate pastries, rich sweets, and aromatic teas, this Middle Eastern bakery delights the senses and transports diners to distant lands. Get ready to satisfy your sweet tooth and embark on a culinary journey through the Mediterranean"
WENDY'S,"Get ready to satisfy your hunger cravings at Wendy's! With its fresh never frozen beef, crispy fries, and iconic Frosty desserts, this fast-food chain is a beloved staple for burger aficionados. Get ready to indulge in classic comfort food and make every meal a memorable one"
VILLA FRESH ITALIAN KITCHEN,"Treat yourself to a taste of Italy at Villa Fresh Italian Kitchen! With its authentic pizzas, savory pasta dishes, and mouthwatering desserts, this Italian eatery captures the essence of la dolce vita. Get ready to mangia bene, vivi felice, and enjoy a culinary journey through Italy's culinary delights."
URBAN BACKYARD,"Escape the hustle and bustle of the city and unwind at Urban Backyard! With its relaxed vibe, green surroundings, and wholesome eats, this cozy cafe is a breath of fresh air in the urban jungle. Get ready to recharge, refuel, and reconnect with nature right in the heart of the city"
BAGEL EXPRESS III,"Start your day off right with a New York classic at Bagel Express III! With its freshly baked bagels, creamy spreads, and endless topping options, this neighborhood deli is a breakfast lover's paradise. Get ready to sink your teeth into a taste of the Big Apple and fuel up for whatever the day may bring"
EL VALLE RESTAURANT,"Embark on a culinary journey to Latin America at El Valle Restaurant! With its vibrant flavors, hearty dishes, and warm hospitality, this family-owned eatery serves up a taste of home with every bite. Get ready to indulge in authentic Latin cuisine and experience the flavors of the Andes, the Amazon, and beyond"
OVI'S PLACE,"Discover a world of flavor at Ovi's Place! With its diverse menu, bold spices, and generous portions, this neighborhood eatery offers a culinary adventure for your taste buds. Get ready to savor the richness of Indian cuisine and experience a symphony of flavors in every dish"
PANDA EXPRESS,"Satisfy your cravings for Asian cuisine at Panda Express! With its bold flavors, quick service, and affordable prices, this fast-food chain brings the taste of China to every corner of the country. Get ready to wok and roll with delicious dishes that pack a punch"
JUBILEE,"Indulge in a slice of sweetness at Jubilee! With its decadent desserts, exquisite pastries, and charming ambiance, this French patisserie is a paradise for pastry lovers. Get ready to treat yourself to ?clairs, macarons, and other delights that are sure to make your taste buds sing."
MUMBAI MASALA,nan
Forest Park,nan
The Museum of Modern Art (MoMA),nan
MUMBAI MASALA,nan
Forest Park,nan
The Museum of Modern Art (MoMA),nan
MUMBAI MASALA,nan
Forest Park,nan
The Museum of Modern Art (MoMA),nan
MUMBAI MASALA,nan
Forest Park,nan
The Museum of Modern Art (MoMA),nan
BRONX ZOO,nan
RAJDHANI INDIAN RESTUARANT,nan
The Metropolitan Museum of Art,nan
ALADDIN,nan
Riverside Park,nan
The New Museum of Contemporary Art,nan
ALADDIN,nan
Riverside Park,nan
The New Museum of Contemporary Art,nan
ALADDIN,nan
Riverside Park,nan
The New Museum of Contemporary Art,nan
ALADDIN,nan
Riverside Park,nan
The New Museum of Contemporary Art,nan
MINAMI SUSHI & BAR,nan
BRONX ZOO,nan
The Metropolitan Museum of Art,nan
Madison Square Park,nan
Highbridge Park,nan
YUMMY THAI,nan
Madison Square Park,nan
Highbridge Park,nan
YUMMY THAI,nan
Madison Square Park,nan
Highbridge Park,nan
YUMMY THAI,nan
Madison Square Park,nan
Highbridge Park,nan
YUMMY THAI,nan
BRONX ZOO,nan
BROOKLYN AQUARIUM,nan
NOBI SUSHI,nan
Floral Park,nan
The Paley Center for Media,nan
BOON CHU THAI RESTAURANT,nan
Floral Park,nan
The Paley Center for Media,nan
BOON CHU THAI RESTAURANT,nan
Floral Park,nan
The Paley Center for Media,nan
BOON CHU THAI RESTAURANT,nan
Prospect Park,nan
Thomas Jefferson Park,nan
GANDHI INDIAN RESTAURANT,nan
RAIN II,nan
Museum of Jewish Heritage,nan
"Intrepid Sea, Air & Space Museum",nan
RAIN II,nan
Museum of Jewish Heritage,nan
"Intrepid Sea, Air & Space Museum",nan
RAIN II,nan
Museum of Jewish Heritage,nan
"Intrepid Sea, Air & Space Museum",nan
RAIN II,nan
Museum of Jewish Heritage,nan
"Intrepid Sea, Air & Space Museum",nan
SAKURA SUSHI,nan
BROOKLYN AQUARIUM,nan
The Metropolitan Museum of Art,nan
SAKURA SUSHI,nan
BROOKLYN AQUARIUM,nan
The Metropolitan Museum of Art,nan
BRONX ZOO,nan
National September 11 Memorial & Museum,nan
GOFISH SUSHI BOX,nan
The Metropolitan Museum of Art,nan
KING GARDEN,nan
Highbridge Park,nan
The Metropolitan Museum of Art,nan
KING GARDEN,nan
Highbridge Park,nan
"HALL , ODO",nan
Central Park,nan
Prospect Park,nan
Bryant Park,nan
Prospect Park,nan
The Metropolitan Museum of Art,nan
Central Park,nan
Prospect Park,nan
The Metropolitan Museum of Art,nan
Astoria Park,nan
Riverside Park,nan
The Metropolitan Museum of Art,nan
BRONX ZOO,nan
